{
    "aave": {
        "0.005": 2067.5865938346883,
        "0.25": 161731.2180066245
    },
    "1inch": {
        "0.005": 773.1123750002026,
        "0.25": 2375124.443853528
    },
    "rpl": {
        "0.005": 2300.455960114402,
        "0.25": 73614.59072366086
    },
    "link": {
        "0.005": 28182.460009894457,
        "0.25": 1513800.709102902
    },
    "wbtc": {
        "0.005": 149.43318994831338,
        "0.25": 8767.045261332336
    },
    "reth": {
        "0.005": 2433.630799595293,
        "0.25": 57433.68687044892
    },
    "weth": {
        "0.005": 12696.50808784494,
        "0.25": 218882.38006718433
    },
    "cbeth": {
        "0.005": 2023.4500049210303,
        "0.25": 9720.068920123584
    },
    "wsteth": {
        "0.005": 6053.948918231976,
        "0.25": 132255.4994444524
    },
    "snx": {
        "0.005": 7364.280435569499,
        "0.25": 341702.61221042473
    },
    "bal": {
        "0.005": 621.4702298855894,
        "0.25": 3934019.549763033
    },
    "ens": {
        "0.005": 207.99876039394766,
        "0.25": 93183.44465648854
    },
    "uni": {
        "0.005": 2465.070930936995,
        "0.25": 2129821.2843295634
    },
    "mkr": {
        "0.005": 170.63634008163461,
        "0.25": 8190.151799549513
    },
    "ldo": {
        "0.005": 41239.97043918919,
        "0.25": 3695101.3513513505
    },
    "crv": {
        "0.005": 53485.473952164815,
        "0.25": 4630975.998277992
    },
    "usdc": {
        "0.005": 262451171.875,
        "0.25": 499999761.5814209
    },
    "usdt": {
        "0.005": 58678305.438136354,
        "0.25": 211241899.57729086
    },
    "dai": {
        "0.005": 461945936.769637,
        "0.25": 500034263.9456331
    },
    "lusd": {
        "0.005": 2698982.409434163,
        "0.25": 8894418.543854024
    },
    "frax": {
        "0.005": 134039448.18921746,
        "0.25": 207503943.98439646
    }
}