{
    "aave": {
        "0.005": 2113.080497961225,
        "0.02": 9391.468879827666,
        "0.1": 52592.22572703494,
        "0.25": 150263.50207724265
    },
    "1inch": {
        "0.005": 40756.08676164909,
        "0.02": 217365.79606212844,
        "0.1": 1159284.245664685,
        "0.25": 2319067.6986695207
    },
    "rpl": {
        "0.005": 4857.858448181971,
        "0.02": 13806.545063254023,
        "0.1": 30681.211251675602,
        "0.25": 44999.109835790885
    },
    "link": {
        "0.005": 111844.52715968587,
        "0.02": 479333.68782722513,
        "0.1": 1022578.5340314136,
        "0.25": 1533867.8010471205
    },
    "wbtc": {
        "0.005": 164.73726383265856,
        "0.02": 724.8439608636977,
        "0.1": 3426.5350877192977,
        "0.25": 7907.388663967611
    },
    "reth": {
        "0.005": 4607.341949741756,
        "0.02": 14549.500893921337,
        "0.1": 24768.962337234738,
        "0.25": 31281.42692193087
    },
    "weth": {
        "0.005": 4187.369019097083,
        "0.02": 29311.58313367958,
        "0.1": 100496.85645832999,
        "0.25": 192618.97487846581
    },
    "cbeth": {
        "0.005": 1754.5950739472592,
        "0.02": 5451.7775511932705,
        "0.1": 6767.723856653714,
        "0.25": 8772.975369736296
    },
    "wsteth": {
        "0.005": 4043.000447123505,
        "0.02": 19880.781886185025,
        "0.1": 73929.50082801041,
        "0.25": 118287.20132481665
    },
    "snx": {
        "0.005": 5449.567522321428,
        "0.02": 21798.270089285714,
        "0.1": 149473.85204081633,
        "0.25": 247468.75373684627
    },
    "bal": {
        "0.005": 24330.643152050114,
        "0.02": 222451.59453302962,
        "0.1": 1557161.1617312073,
        "0.25": 4004128.7015945334
    },
    "ens": {
        "0.005": 2240.501458359934,
        "0.02": 10910.267971144025,
        "0.1": 74813.26608784475,
        "0.25": 149626.5321756895
    },
    "uni": {
        "0.005": 51017.22786854103,
        "0.02": 259724.06914893613,
        "0.1": 1780965.045592705,
        "0.25": 2374620.0607902734
    },
    "mkr": {
        "0.005": 125.99494035108131,
        "0.02": 824.6941550252595,
        "0.1": 4948.164930151557,
        "0.25": 10262.860595869895
    },
    "ldo": {
        "0.005": 168649.7738486842,
        "0.02": 497918.37993421056,
        "0.1": 1670435.855263158,
        "0.25": 3083881.5789473685
    },
    "crv": {
        "0.005": 2850.6547107991864,
        "0.02": 312757.54541339644,
        "0.1": 1251030.1816535858,
        "0.25": 5008869.037442299
    }
}